query,type,notes
"vuelo en globo segovia ""siempreenlasnubes.com""",competitor_backlink,"Buscar paginas que mencionan o enlazan a Siempre en las Nubes"
"vuelo en globo segovia ""globosboreal.com""",competitor_backlink,"Buscar paginas que mencionan o enlazan a Globos Boreal"
"vuelo en globo segovia ""aerodifusion.es""",competitor_backlink,"Buscar paginas que mencionan o enlazan a Aerodifusion"
"vuelo en globo segovia ""aerotours.com""",competitor_backlink,"Buscar paginas que mencionan o enlazan a Aerotours"
"que hacer en segovia blog viaje",new_opportunity,"Blogs y guias de viaje con intencion inspiracional"
"actividades en segovia aventura turismo",new_opportunity,"Directorios y guias de actividades"
"escapada desde madrid segovia blog",new_opportunity,"Contenido de visitantes desde Madrid"
"regalo experiencia segovia vuelo globo",gift,"Plataformas o blogs sobre regalos experiencia"
"best day trips from madrid segovia",international_editorial,"Guias internacionales con trafico de visitantes extranjeros"
"things to do in segovia spain travel blog",international_editorial,"Blogs internacionales que cubren Segovia"
"segovia from madrid day trip travel guide",international_editorial,"Paginas que captan demanda directa desde Madrid"
"spain bucket list hot air balloon",international_editorial,"Listas inspiracionales de experiencias en Espana"
"unique things to do near madrid spain",international_editorial,"Medios internacionales y blogs con intencion de experiencia"
"experiences in madrid segovia hot air balloon",tour_marketplace,"Marketplaces internacionales de tours y actividades"
"getyourguide segovia hot air balloon",tour_marketplace,"Auditar competidores y fichas existentes"
"viator segovia hot air balloon",tour_marketplace,"Auditar competidores y fichas existentes"
"klook madrid segovia day trip",tour_marketplace,"Plataformas internacionales orientadas a visitantes"
"site:traveler.es Segovia escapada Madrid",national_media,"Medios nacionales con contenido actualizable"
"site:guiarepsol.com Segovia escapada",national_media,"Guias nacionales de autoridad"
"site:elpais.com/elviajero Segovia globo",national_media,"Buscar articulos donde encaje una mencion editorial"
